                  epoch,         train/box_loss,         train/cls_loss,         train/dfl_loss,   metrics/precision(B),      metrics/recall(B),       metrics/mAP50(B),    metrics/mAP50-95(B),           val/box_loss,           val/cls_loss,           val/dfl_loss,                 lr/pg0,                 lr/pg1,                 lr/pg2
                      0,                 3.1193,                 4.1255,                 3.4624,                0.17707,                0.22967,                0.13185,                0.03984,                 2.5766,                 3.5704,                 2.8671,             0.00055366,             0.00055366,             0.00055366
                      1,                 2.1524,                 2.2407,                 2.3644,                0.45822,                0.51527,                0.51796,                0.17544,                 2.2691,                 1.8169,                 2.3333,             0.00088968,             0.00088968,             0.00088968
                      2,                  1.921,                 1.7072,                 2.1054,                0.61229,                0.63996,                0.62027,                0.29896,                 1.8077,                 1.7325,                 1.9927,              0.0010057,              0.0010057,              0.0010057
                      3,                 1.7377,                 1.4429,                 1.9312,                0.68846,                0.69801,                0.73362,                0.35722,                 1.8068,                 1.4633,                 1.9552,              0.0006768,              0.0006768,              0.0006768
                      4,                 1.6915,                  1.299,                 1.8476,                0.67334,                 0.6485,                0.68406,                0.34594,                 1.7848,                 1.7195,                 1.9282,              0.0006768,              0.0006768,              0.0006768
